,Author Username,Author url,Text ID,url,Text Title,Medium Orig,Fandom Categories,Chapter Amount,Creation Date,Update Date,Word Count,Story Type,Genre,Age Restriction,Endorsment Amount,Review Amount,Gender,Data
0,a13854,redacted,redacted,redacted,t38788,Bücher,Bis(s),10,2021-10-20,2021-12-10,12136.0,,"Drama,  Liebesgeschichte",P18,9.0,15.0,,redacted
1,a14783,redacted,redacted,redacted,t35593,Bücher,Bis(s),10,2021-06-24,2021-12-13,21769.0,,"Familie,  Liebesgeschichte",P16,2.0,0.0,,redacted
2,a4934,redacted,redacted,redacted,t19878,Bücher,Bis(s),4,2021-12-05,2021-12-15,3501.0,,"Familie,  Schmerz/ Trost",P18,2.0,1.0,,redacted
3,a5206,redacted,redacted,redacted,t20628,Bücher,Bis(s),4,2020-04-10,2021-12-17,3018.0,,Liebesgeschichte,P12,2.0,5.0,,redacted
4,a9718,redacted,redacted,redacted,t24595,Bücher,Bis(s),9,2021-10-22,2021-12-17,19151.0,,Liebesgeschichte,P16,14.0,5.0,,redacted
5,a2381,redacted,redacted,redacted,t11742,Bücher,Bis(s),36,2021-08-17,2021-12-18,171337.0,,Liebesgeschichte,P16,2.0,4.0,,redacted
6,a2889,redacted,redacted,redacted,t28921,Bücher,Bis(s),15,2021-02-02,2021-12-19,30339.0,,"Familie,  Fantasy",P18,4.0,14.0,,redacted
7,a13040,redacted,redacted,redacted,t16744,Bücher,Bis(s),24,2021-12-01,2021-12-24,2686.0,,Liebesgeschichte,P16,10.0,104.0,,redacted
8,a16373,redacted,redacted,redacted,t29350,Bücher,Bis(s),24,2021-12-01,2021-12-24,49893.0,,"Familie,  Schmerz/ Trost",P16,11.0,106.0,,redacted
9,a9595,redacted,redacted,redacted,t3537,Bücher,Bis(s),10,2021-03-15,2021-12-28,2273.0,,"Freundschaft,  Liebesgeschichte",P12,3.0,6.0,,redacted
10,a8945,redacted,redacted,redacted,t28717,Bücher,Bis(s),9,2021-03-10,2021-12-29,8525.0,,"Drama,  Liebesgeschichte",P16,2.0,2.0,,redacted
11,a310,redacted,redacted,redacted,t29710,Bücher,Bis(s),6,2021-08-29,2021-12-29,6581.0,,"Abenteuer,  Fantasy",P18,2.0,2.0,,redacted
12,a13854,redacted,redacted,redacted,t16173,Bücher,Bis(s),5,2021-11-24,2021-12-30,6707.0,,Allgemein,P18,4.0,1.0,,redacted
13,a13511,redacted,redacted,redacted,t13631,Bücher,Bis(s),5,2021-03-04,2021-12-30,11728.0,,"Abenteuer,  Freundschaft",P16,6.0,3.0,,redacted
14,a10459,redacted,redacted,redacted,t9924,Bücher,Bis(s),11,2020-02-20,2021-12-31,37467.0,,Allgemein,P16,9.0,12.0,,redacted
15,a7734,redacted,redacted,redacted,t10402,Bücher,Bis(s),84,2020-09-06,2021-12-31,242607.0,,"Drama,  Liebesgeschichte",P18,8.0,190.0,,redacted
16,a15623,redacted,redacted,redacted,t25853,Bücher,Bis(s),28,2021-11-30,2021-12-31,34581.0,,"Romance,  Familie",P12,17.0,91.0,,redacted
17,a16341,redacted,redacted,redacted,t14216,Bücher,Bis(s),15,2020-03-19,2021-11-13,14679.0,,"Freundschaft,  Schmerz/ Trost",P18,2.0,13.0,,redacted
18,a15971,redacted,redacted,redacted,t15621,Bücher,Bis(s),6,2020-02-09,2021-11-14,6249.0,,"Schmerz/ Trost,  Übernatürlich",P16,15.0,15.0,,redacted
19,a10459,redacted,redacted,redacted,t34255,Bücher,Bis(s),14,2021-02-22,2021-11-18,53649.0,,Allgemein,P12,17.0,20.0,,redacted
20,a5757,redacted,redacted,redacted,t25379,Bücher,Bis(s),55,2020-03-10,2021-11-18,216327.0,,"Drama,  Fantasy",P18,21.0,25.0,,redacted
21,a13331,redacted,redacted,redacted,t406,Bücher,Bis(s),6,2021-08-09,2021-11-21,2943.0,,Allgemein,P12,1.0,2.0,,redacted
22,a12732,redacted,redacted,redacted,t12273,Bücher,Bis(s),13,2020-06-05,2021-11-25,61519.0,,"Drama,  Fantasy",P16,4.0,2.0,,redacted
23,a10875,redacted,redacted,redacted,t29281,Bücher,Bis(s),5,2021-03-12,2021-11-27,775.0,,Allgemein,P12,1.0,1.0,,redacted
24,a1969,redacted,redacted,redacted,t39388,Bücher,Bis(s),7,2021-08-22,2021-11-28,783.0,,"Fantasy,  Liebesgeschichte",P16,6.0,10.0,,redacted
25,a2889,redacted,redacted,redacted,t17026,Bücher,Bis(s),20,2020-10-11,2021-11-28,26903.0,,"Familie,  Fantasy",P16,20.0,27.0,,redacted
26,a9288,redacted,redacted,redacted,t8903,Bücher,Bis(s),9,2021-10-06,2021-12-02,6727.0,,"Drama,  Romance",P12,3.0,4.0,,redacted
27,a11044,redacted,redacted,redacted,t14208,Bücher,Bis(s),2,2021-10-26,2021-12-04,2774.0,,Allgemein,P16,2.0,2.0,,redacted
28,a14194,redacted,redacted,redacted,t23012,Bücher,Bis(s),50,2020-01-22,2021-12-04,119482.0,,"Fantasy,  Liebesgeschichte",P18,15.0,106.0,,redacted
29,a2008,redacted,redacted,redacted,t788,Bücher,Bis(s),5,2021-11-07,2021-12-05,778.0,,"Romance,  Fantasy",P18,5.0,4.0,,redacted
30,a4702,redacted,redacted,redacted,t20054,Bücher,Bis(s),44,2020-12-06,2021-12-06,143098.0,,"Drama,  Liebesgeschichte",P16,81.0,202.0,,redacted
31,a13304,redacted,redacted,redacted,t23496,Bücher,Bis(s),9,2021-11-01,2021-12-08,1537.0,,"Drama,  Übernatürlich",P16,2.0,5.0,,redacted
32,a2676,redacted,redacted,redacted,t33189,Bücher,Bis(s),5,2021-11-11,2021-12-08,27631.0,,"Romance,  Fantasy",P18,2.0,1.0,,redacted
33,a7130,redacted,redacted,redacted,t21188,Bücher,Bis(s),44,2021-01-26,2021-12-08,87579.0,,"Familie,  Liebesgeschichte",P16,40.0,39.0,,redacted
34,a2889,redacted,redacted,redacted,t21194,Bücher,Bis(s),8,2021-05-13,2021-12-08,23479.0,,"Familie,  Schmerz/ Trost",P18,4.0,6.0,,redacted
35,a16373,redacted,redacted,redacted,t14594,Bücher,Bis(s),130,2020-01-02,2021-12-11,562077.0,,"Drama,  Schmerz/ Trost",P18,67.0,675.0,,redacted
36,a2889,redacted,redacted,redacted,t12007,Bücher,Bis(s),4,2021-10-23,2021-12-11,11021.0,,"Familie,  Schmerz/ Trost",P18,5.0,2.0,,redacted
37,a3937,redacted,redacted,redacted,t32167,Bücher,Bis(s),22,2021-02-07,2021-12-12,33219.0,,"Drama,  Liebesgeschichte",P18,13.0,30.0,,redacted
38,a7061,redacted,redacted,redacted,t34232,Bücher,Bis(s),79,2020-07-11,2021-12-12,325409.0,,"Fantasy,  Liebesgeschichte",P18,31.0,42.0,,redacted
39,a9823,redacted,redacted,redacted,t29231,Bücher,Bis(s),9,2021-11-03,2021-12-12,35815.0,,Liebesgeschichte,P16,8.0,7.0,,redacted
40,a937,redacted,redacted,redacted,t35127,Bücher,Bis(s),30,2021-02-06,2021-12-12,271462.0,,Allgemein,P16,14.0,32.0,,redacted
41,a4229,redacted,redacted,redacted,t37477,Bücher,Bis(s),68,2020-05-10,2021-10-25,96226.0,,"Drama,  Liebesgeschichte",P18,36.0,182.0,,redacted
42,a11044,redacted,redacted,redacted,t23212,Bücher,Bis(s),3,2021-09-29,2021-10-26,2899.0,,Allgemein,P16,2.0,2.0,,redacted
43,a6148,redacted,redacted,redacted,t34117,Bücher,Bis(s),3,2021-09-11,2021-10-27,6589.0,,"Romance,  Fantasy",P12,7.0,4.0,,redacted
44,a10361,redacted,redacted,redacted,t8313,Bücher,Bis(s),12,2021-05-23,2021-10-29,33227.0,,"Fantasy,  Liebesgeschichte",P16,8.0,11.0,,redacted
45,a8423,redacted,redacted,redacted,t18782,Bücher,Bis(s),19,2021-07-21,2021-11-02,16746.0,,Allgemein,P18,3.0,2.0,,redacted
46,a15623,redacted,redacted,redacted,t28541,Bücher,Bis(s),13,2021-01-07,2021-11-02,52835.0,,Drama,P18,32.0,81.0,,redacted
47,a2889,redacted,redacted,redacted,t17399,Bücher,Bis(s),2,2021-09-25,2021-11-05,4555.0,,"Familie,  Fantasy",P18,5.0,0.0,,redacted
48,a15119,redacted,redacted,redacted,t34288,Bücher,Bis(s),43,2020-09-15,2021-11-05,52401.0,,"Drama,  Liebesgeschichte",P18,26.0,57.0,,redacted
49,a9396,redacted,redacted,redacted,t18485,Bücher,Bis(s),9,2021-08-09,2021-11-06,20264.0,,"Suspense,  Liebesgeschichte",P16,4.0,1.0,,redacted
50,a1798,redacted,redacted,redacted,t2259,Bücher,Bis(s),5,2021-03-10,2021-11-08,2248.0,,Allgemein,P12,5.0,8.0,,redacted
51,a6313,redacted,redacted,redacted,t25621,Bücher,Bis(s),4,2021-10-06,2021-11-08,716.0,,"Drama,  Liebesgeschichte",P18,6.0,13.0,,redacted
52,a13854,redacted,redacted,redacted,t26289,Bücher,Bis(s),20,2020-07-15,2021-11-08,24442.0,,"Drama,  Liebesgeschichte",P18,5.0,3.0,,redacted
53,a1940,redacted,redacted,redacted,t35700,Bücher,Bis(s),3,2021-02-07,2021-09-19,3896.0,,Allgemein,P18,3.0,2.0,,redacted
54,a8608,redacted,redacted,redacted,t223,Bücher,Bis(s),32,2020-12-16,2021-09-19,128195.0,,"Drama,  Liebesgeschichte",P16,15.0,21.0,,redacted
55,a4934,redacted,redacted,redacted,t38906,Bücher,Bis(s),4,2021-09-12,2021-09-24,137.0,,"Romance,  Freundschaft",P18,0.0,1.0,,redacted
56,a8687,redacted,redacted,redacted,t21151,Bücher,Bis(s),10,2021-08-12,2021-09-27,9607.0,,Allgemein,P18,4.0,8.0,,redacted
57,a6613,redacted,redacted,redacted,t27364,Bücher,Bis(s),25,2021-06-09,2021-09-29,25584.0,,"Romance,  Liebesgeschichte",P16,6.0,3.0,,redacted
58,a7418,redacted,redacted,redacted,t11331,Bücher,Bis(s),13,2020-10-08,2021-10-12,13615.0,,Allgemein,P18,5.0,3.0,,redacted
59,a1936,redacted,redacted,redacted,t16078,Bücher,Bis(s),17,2021-04-03,2021-10-12,352.0,,Allgemein,P16,9.0,25.0,,redacted
60,a11142,redacted,redacted,redacted,t16768,Bücher,Bis(s),26,2021-03-10,2021-10-17,81134.0,,"Mystery,  Romance",P18,9.0,22.0,,redacted
61,a13,redacted,redacted,redacted,t39000,Bücher,Bis(s),22,2021-09-10,2021-10-20,39053.0,,"Drama,  Übernatürlich",P16,4.0,4.0,,redacted
62,a2381,redacted,redacted,redacted,t38128,Bücher,Bis(s),38,2020-07-23,2021-08-14,171394.0,,Liebesgeschichte,P16,4.0,10.0,,redacted
63,a2267,redacted,redacted,redacted,t19150,Bücher,Bis(s),4,2021-03-19,2021-08-16,1355.0,,Allgemein,P12,2.0,1.0,,redacted
64,a2381,redacted,redacted,redacted,t32941,Bücher,Bis(s),38,2020-07-25,2021-08-17,78034.0,,Liebesgeschichte,P16,0.0,5.0,,redacted
65,a9396,redacted,redacted,redacted,t37888,Bücher,Bis(s),30,2021-04-09,2021-08-18,77477.0,,"Drama,  Familie",P16,5.0,28.0,,redacted
66,a6768,redacted,redacted,redacted,t22407,Bücher,Bis(s),10,2020-07-31,2021-08-25,10794.0,,Fantasy,P16,4.0,6.0,,redacted
67,a3020,redacted,redacted,redacted,t16143,Bücher,Bis(s),12,2021-01-24,2021-08-29,6907.0,,"Schmerz/ Trost,  Übernatürlich",P16,1.0,1.0,,redacted
68,a13722,redacted,redacted,redacted,t16759,Bücher,Bis(s),7,2021-05-27,2021-08-29,3948.0,,"Romance,  Tragödie",P18,1.0,0.0,,redacted
69,a6956,redacted,redacted,redacted,t1449,Bücher,Bis(s),15,2021-07-28,2021-08-31,24413.0,,"Familie,  Freundschaft",P12,6.0,11.0,,redacted
70,a16322,redacted,redacted,redacted,t11717,Bücher,Bis(s),5,2021-05-20,2021-07-12,1474.0,,"Familie,  Freundschaft",P12,3.0,6.0,,redacted
71,a16301,redacted,redacted,redacted,t38584,Bücher,Bis(s),28,2020-07-12,2021-07-18,5753.0,,"Schmerz/ Trost,  Liebesgeschichte",P18,46.0,28.0,,redacted
72,a13511,redacted,redacted,redacted,t10421,Bücher,Bis(s),3,2021-01-21,2021-07-18,4281.0,,"Freundschaft,  Schmerz/ Trost",P12,2.0,0.0,,redacted
73,a2267,redacted,redacted,redacted,t34196,Bücher,Bis(s),7,2021-02-27,2021-07-22,4304.0,,"Familie,  Fantasy",P12,3.0,3.0,,redacted
74,a2110,redacted,redacted,redacted,t24022,Bücher,Bis(s),28,2020-05-21,2021-07-22,43648.0,,"Romance,  Liebesgeschichte",P18,18.0,23.0,,redacted
75,a11044,redacted,redacted,redacted,t35281,Bücher,Bis(s),44,2021-02-03,2021-07-27,56904.0,,Allgemein,P16,4.0,68.0,,redacted
76,a2775,redacted,redacted,redacted,t11054,Bücher,Bis(s),6,2021-04-11,2021-07-30,4388.0,,Liebesgeschichte,P16,1.0,2.0,,redacted
77,a7386,redacted,redacted,redacted,t38861,Bücher,Bis(s),6,2021-01-31,2021-08-11,8279.0,,"Freundschaft,  Liebesgeschichte",P16,4.0,2.0,,redacted
78,a4411,redacted,redacted,redacted,t10325,Bücher,Bis(s),16,2021-02-05,2021-06-20,21571.0,,Allgemein,P12,2.0,13.0,,redacted
79,a2008,redacted,redacted,redacted,t1182,Bücher,Bis(s),58,2020-08-11,2021-06-25,97992.0,,"Schmerz/ Trost,  Liebesgeschichte",P18,8.0,29.0,,redacted
80,a9396,redacted,redacted,redacted,t8170,Bücher,Bis(s),34,2020-11-28,2021-07-11,69249.0,,Drama,P16,17.0,24.0,,redacted
81,a3309,redacted,redacted,redacted,t2362,Bücher,Bis(s),7,2021-04-30,2021-05-10,7275.0,,Romance,P18,2.0,1.0,,redacted
82,a14684,redacted,redacted,redacted,t12930,Bücher,Bis(s),2,2021-05-13,2021-05-13,2433.0,,"Schmerz/ Trost,  Liebesgeschichte",P16,2.0,3.0,,redacted
83,a10610,redacted,redacted,redacted,t37755,Bücher,Bis(s),3,2021-03-23,2021-05-14,3579.0,,"Abenteuer,  Liebesgeschichte",P18,1.0,2.0,,redacted
84,a5543,redacted,redacted,redacted,t31351,Bücher,Bis(s),27,2020-04-30,2021-05-17,96409.0,,Allgemein,P18,29.0,81.0,,redacted
85,a13835,redacted,redacted,redacted,t27227,Bücher,Bis(s),8,2021-01-29,2021-05-17,8131.0,,Allgemein,P16,6.0,2.0,,redacted
86,a1561,redacted,redacted,redacted,t5008,Bücher,Bis(s),2,2021-04-24,2021-05-19,3235.0,,"Liebesgeschichte,  Historisch",P18,1.0,0.0,,redacted
87,a7617,redacted,redacted,redacted,t2324,Bücher,Bis(s),3,2020-12-08,2021-05-25,5364.0,,Romance,P16,2.0,3.0,,redacted
88,a12858,redacted,redacted,redacted,t11576,Bücher,Bis(s),8,2021-02-04,2021-04-10,20341.0,,"Familie,  Schmerz/ Trost",P16,16.0,53.0,,redacted
89,a2775,redacted,redacted,redacted,t21140,Bücher,Bis(s),23,2021-03-01,2021-04-12,11744.0,,"Drama,  Liebesgeschichte",P12,1.0,3.0,,redacted
90,a384,redacted,redacted,redacted,t16056,Bücher,Bis(s),23,2020-09-21,2021-04-13,15438.0,,"Familie,  Liebesgeschichte",P12,12.0,15.0,,redacted
91,a12858,redacted,redacted,redacted,t16786,Bücher,Bis(s),3,2021-04-10,2021-04-15,5913.0,,Allgemein,P18,2.0,2.0,,redacted
92,a6739,redacted,redacted,redacted,t4822,Bücher,Bis(s),18,2021-03-23,2021-04-18,23548.0,,"Drama,  Liebesgeschichte",P18,7.0,2.0,,redacted
93,a8908,redacted,redacted,redacted,t38953,Bücher,Bis(s),4,2021-01-07,2021-04-22,7059.0,,Allgemein,P16,1.0,7.0,,redacted
94,a8908,redacted,redacted,redacted,t5258,Bücher,Bis(s),9,2021-01-15,2021-04-22,11724.0,,Allgemein,P16,3.0,2.0,,redacted
95,a9454,redacted,redacted,redacted,t10476,Bücher,Bis(s),8,2021-03-23,2021-04-24,9699.0,,Allgemein,P12,3.0,1.0,,redacted
96,a12766,redacted,redacted,redacted,t34541,Bücher,Bis(s),34,2020-09-05,2021-04-25,149429.0,,Drama,P16,36.0,146.0,,redacted
97,a1967,redacted,redacted,redacted,t9199,Bücher,Bis(s),12,2021-03-02,2021-04-26,11573.0,,Allgemein,P12,3.0,17.0,,redacted
98,a6956,redacted,redacted,redacted,t30683,Bücher,Bis(s),10,2020-10-26,2021-05-11,13555.0,,"Fantasy,  Liebesgeschichte",P12,2.0,3.0,,redacted
99,a4177,redacted,redacted,redacted,t38895,Bücher,Bis(s),6,2020-08-21,2021-05-13,16237.0,,"Freundschaft,  Liebesgeschichte",P16,5.0,4.0,,redacted
100,a647,redacted,redacted,redacted,t8324,Bücher,Bis(s),4,2020-05-29,2021-03-10,7236.0,,"Humor,  Fantasy",P18,5.0,7.0,,redacted
101,a2956,redacted,redacted,redacted,t38341,Bücher,Bis(s),5,2020-10-24,2021-03-10,4353.0,,"Humor,  Parodie",P12,1.0,1.0,,redacted
102,a7086,redacted,redacted,redacted,t10885,Bücher,Bis(s),16,2020-07-23,2021-03-14,29146.0,,Allgemein,P12,4.0,4.0,,redacted
103,a14100,redacted,redacted,redacted,t4913,Bücher,Bis(s),4,2020-05-26,2021-03-18,1812.0,,Familie,P12,5.0,2.0,,redacted
104,a14724,redacted,redacted,redacted,t32852,Bücher,Bis(s),22,2020-01-26,2021-03-20,50.0,,Allgemein,P12,5.0,26.0,,redacted
105,a9873,redacted,redacted,redacted,t15981,Bücher,Bis(s),9,2021-02-19,2021-03-30,21791.0,,"Drama,  Liebesgeschichte",P18,5.0,27.0,,redacted
106,a4411,redacted,redacted,redacted,t17114,Bücher,Bis(s),4,2021-02-12,2021-03-30,766.0,,Fantasy,P12,1.0,4.0,,redacted
107,a4229,redacted,redacted,redacted,t5053,Bücher,Bis(s),8,2021-02-08,2021-02-11,20559.0,,"Drama,  Erotik",P18,0.0,2.0,,redacted
108,a2618,redacted,redacted,redacted,t5788,Bücher,Bis(s),80,2020-07-26,2021-02-22,149403.0,,"Schmerz/ Trost,  Liebesgeschichte",P18,39.0,96.0,,redacted
109,a14740,redacted,redacted,redacted,t10020,Bücher,Bis(s),25,2020-12-15,2021-02-23,18988.0,,"Fantasy,  Freundschaft",P12,8.0,15.0,,redacted
110,a2956,redacted,redacted,redacted,t1588,Bücher,Bis(s),8,2020-09-29,2021-02-24,15658.0,,"Drama,  Liebesgeschichte",P16,12.0,16.0,,redacted
111,a3637,redacted,redacted,redacted,t24455,Bücher,Bis(s),28,2020-08-27,2021-02-24,17168.0,,Allgemein,P18,1.0,2.0,,redacted
112,a15668,redacted,redacted,redacted,t20244,Bücher,Bis(s),19,2020-07-01,2021-01-02,30135.0,,"Drama,  Liebesgeschichte",P16,10.0,47.0,,redacted
113,a15623,redacted,redacted,redacted,t17972,Bücher,Bis(s),19,2020-07-15,2021-01-07,75561.0,,"Drama,  Liebesgeschichte",P16,50.0,142.0,,redacted
114,a6471,redacted,redacted,redacted,t12041,Bücher,Bis(s),3,2020-01-30,2021-01-09,11954.0,,"Freundschaft,  Liebesgeschichte",P16,4.0,2.0,,redacted
115,a15119,redacted,redacted,redacted,t1820,Bücher,Bis(s),25,2020-06-04,2021-01-12,56528.0,,"Abenteuer,  Fantasy",P16,16.0,46.0,,redacted
116,a1465,redacted,redacted,redacted,t27517,Bücher,Bis(s),29,2020-10-10,2021-01-14,73343.0,,"Drama,  Liebesgeschichte",P16,25.0,74.0,,redacted
117,a199,redacted,redacted,redacted,t26603,Bücher,Bis(s),20,2020-09-05,2021-01-17,70379.0,,"Drama,  Fantasy",P18,12.0,10.0,,redacted
118,a14720,redacted,redacted,redacted,t14088,Bücher,Bis(s),8,2020-09-13,2021-01-17,10514.0,,Allgemein,P12,5.0,5.0,,redacted
119,a12446,redacted,redacted,redacted,t32590,Bücher,Bis(s),25,2020-10-04,2021-01-26,37819.0,,"Drama,  Liebesgeschichte",P18,14.0,6.0,,redacted
120,a11217,redacted,redacted,redacted,t6959,Bücher,Bis(s),17,2020-12-12,2021-01-27,30219.0,,"Übernatürlich,  Erotik",P18,2.0,17.0,,redacted
121,a8644,redacted,redacted,redacted,t18053,Bücher,Bis(s),15,2020-10-05,2021-01-27,51415.0,,"Übernatürlich,  Liebesgeschichte",P18,35.0,54.0,,redacted
122,a2270,redacted,redacted,redacted,t22600,Bücher,Bis(s),27,2020-04-06,2021-01-30,34874.0,,"Drama,  Familie",P18,28.0,70.0,,redacted
123,a12094,redacted,redacted,redacted,t25657,Bücher,Bis(s),3,2020-12-20,2021-02-08,1985.0,,"Fantasy,  Freundschaft",P12,1.0,4.0,,redacted
124,a16266,redacted,redacted,redacted,t25140,Bücher,Bis(s),1,2021-12-15,2021-12-15,402.0,,"Humor,  Liebesgeschichte",P16,7.0,3.0,,redacted
125,a8644,redacted,redacted,redacted,t2355,Bücher,Bis(s),2,2021-12-20,2021-12-20,369.0,,"Drama,  Schmerz/ Trost",P16,1.0,0.0,,redacted
126,a1558,redacted,redacted,redacted,t33864,Bücher,Bis(s),2,2021-12-26,2021-12-27,2189.0,,"Fantasy,  Liebesgeschichte",P12,1.0,1.0,,redacted
127,a11972,redacted,redacted,redacted,t31543,Bücher,Bis(s),1,2021-12-28,2021-12-28,247.0,,"Drama,  Angst",P12,1.0,1.0,,redacted
128,a12006,redacted,redacted,redacted,t21360,Bücher,Bis(s),2,2021-12-22,2021-12-30,3432.0,,"Romance,  Fantasy",P16,3.0,1.0,,redacted
129,a12732,redacted,redacted,redacted,t20460,Bücher,Bis(s),1,2021-11-16,2021-11-16,871.0,,"Drama,  Liebesgeschichte",P16,0.0,0.0,,redacted
130,a9396,redacted,redacted,redacted,t24894,Bücher,Bis(s),2,2021-11-18,2021-11-26,4349.0,,"Drama,  Thriller",P16,1.0,0.0,,redacted
131,a16382,redacted,redacted,redacted,t10359,Bücher,Bis(s),2,2021-11-24,2021-11-29,8048.0,,"Fantasy,  Liebesgeschichte",P16,3.0,1.0,,redacted
132,a12175,redacted,redacted,redacted,t34266,Bücher,Bis(s),1,2021-12-02,2021-12-02,2151.0,,Humor,P16,1.0,0.0,,redacted
133,a8628,redacted,redacted,redacted,t15957,Bücher,Bis(s),4,2021-11-29,2021-12-09,5767.0,,"Drama,  Familie",P16,0.0,0.0,,redacted
134,a490,redacted,redacted,redacted,t35134,Bücher,Bis(s),7,2021-11-16,2021-12-10,10972.0,,Liebesgeschichte,P18,2.0,5.0,,redacted
135,a4403,redacted,redacted,redacted,t19991,Bücher,Bis(s),5,2021-11-13,2021-12-11,10547.0,,"Romance,  Übernatürlich",P18,3.0,6.0,,redacted
136,a4420,redacted,redacted,redacted,t37555,Bücher,Bis(s),2,2021-12-06,2021-12-12,8177.0,,"Familie,  Freundschaft",P16,1.0,0.0,,redacted
137,a13,redacted,redacted,redacted,t39000,Bücher,Bis(s),9,2021-11-17,2021-12-12,14775.0,,"Schmerz/ Trost,  Liebesgeschichte",P18,4.0,3.0,,redacted
138,a3858,redacted,redacted,redacted,t12959,Bücher,Bis(s),2,2021-12-10,2021-12-13,6035.0,,"Familie,  Liebesgeschichte",P16,1.0,0.0,,redacted
139,a7418,redacted,redacted,redacted,t12287,Bücher,Bis(s),2,2021-10-23,2021-10-24,814.0,,"Fantasy,  Liebesgeschichte",P18,0.0,2.0,,redacted
140,a12992,redacted,redacted,redacted,t15855,Bücher,Bis(s),1,2021-10-28,2021-10-28,339.0,,Humor,P12,6.0,1.0,,redacted
141,a2267,redacted,redacted,redacted,t26352,Bücher,Bis(s),1,2021-10-29,2021-10-29,259.0,,Allgemein,P12,0.0,0.0,,redacted
142,a2267,redacted,redacted,redacted,t28015,Bücher,Bis(s),1,2021-10-29,2021-10-29,582.0,,Humor,P12,0.0,0.0,,redacted
143,a16427,redacted,redacted,redacted,t4540,Bücher,Bis(s),1,2021-11-02,2021-11-02,4514.0,,Allgemein,P12,2.0,0.0,,redacted
144,a5262,redacted,redacted,redacted,t24605,Bücher,Bis(s),7,2021-08-13,2021-09-17,25563.0,,"Drama,  Fantasy",P16,3.0,3.0,,redacted
145,a13074,redacted,redacted,redacted,t2488,Bücher,Bis(s),1,2021-09-20,2021-09-20,207.0,,Allgemein,P16,0.0,1.0,,redacted
146,a14427,redacted,redacted,redacted,t19767,Bücher,Bis(s),1,2021-09-23,2021-09-23,1096.0,,Allgemein,P12,0.0,0.0,,redacted
147,a13854,redacted,redacted,redacted,t11266,Bücher,Bis(s),1,2021-09-25,2021-09-25,387.0,,Allgemein,P12,0.0,0.0,,redacted
148,a13616,redacted,redacted,redacted,t12050,Bücher,Bis(s),3,2021-09-21,2021-09-29,3298.0,,Allgemein,P12,1.0,2.0,,redacted
149,a12715,redacted,redacted,redacted,t34109,Bücher,Bis(s),1,2021-10-01,2021-10-01,6274.0,,"Romance,  Liebesgeschichte",P6,2.0,2.0,,redacted
150,a16352,redacted,redacted,redacted,t16216,Bücher,Bis(s),1,2021-10-04,2021-10-04,424.0,,"Fantasy,  Übernatürlich",P12,0.0,0.0,,redacted
151,a12715,redacted,redacted,redacted,t15130,Bücher,Bis(s),1,2021-10-05,2021-10-05,12119.0,,"Schmerz/ Trost,  Liebesgeschichte",P6,1.0,1.0,,redacted
152,a11448,redacted,redacted,redacted,t13630,Bücher,Bis(s),1,2021-08-23,2021-08-23,514.0,,"Romance,  Freundschaft",P16,0.0,1.0,,redacted
153,a10209,redacted,redacted,redacted,t35935,Bücher,Bis(s),3,2021-03-16,2021-07-18,1141.0,,"Romance,  Tragödie",P16,1.0,3.0,,redacted
154,a15544,redacted,redacted,redacted,t2321,Bücher,Bis(s),3,2021-07-27,2021-07-27,3671.0,,Allgemein,P16,1.0,2.0,,redacted
155,a2267,redacted,redacted,redacted,t15710,Bücher,Bis(s),19,2021-08-10,2021-08-10,8479.0,,Allgemein,P12,0.0,0.0,,redacted
156,a12184,redacted,redacted,redacted,t33871,Bücher,Bis(s),2,2021-06-14,2021-06-14,7064.0,,"Fantasy,  Liebesgeschichte",P18,0.0,0.0,,redacted
157,a1768,redacted,redacted,redacted,t9994,Bücher,Bis(s),3,2021-06-11,2021-06-15,1582.0,,"Drama,  Angst",P12,0.0,1.0,,redacted
158,a490,redacted,redacted,redacted,t36331,Bücher,Bis(s),2,2021-06-28,2021-06-28,124.0,,Liebesgeschichte,P18,1.0,0.0,,redacted
159,a13992,redacted,redacted,redacted,t12476,Bücher,Bis(s),30,2021-03-30,2021-05-19,51261.0,,Fantasy,P12,1.0,2.0,,redacted
160,a2008,redacted,redacted,redacted,t27869,Bücher,Bis(s),7,2021-05-17,2021-05-19,8222.0,,"Familie,  Liebesgeschichte",P18-AVL,0.0,0.0,,redacted
161,a3034,redacted,redacted,redacted,t13182,Bücher,Bis(s),2,2021-05-24,2021-05-25,1471.0,,"Familie,  Fantasy",P16,2.0,0.0,,redacted
162,a13722,redacted,redacted,redacted,t21294,Bücher,Bis(s),3,2021-05-27,2021-05-29,104.0,,"Tragödie,  Liebesgeschichte",P12,0.0,1.0,,redacted
163,a13722,redacted,redacted,redacted,t15732,Bücher,Bis(s),6,2021-05-26,2021-05-30,239.0,,"Übernatürlich,  Liebesgeschichte",P12,1.0,1.0,,redacted
164,a5381,redacted,redacted,redacted,t30602,Bücher,Bis(s),1,2021-04-13,2021-04-13,1396.0,,Allgemein,P12,0.0,0.0,,redacted
165,a4025,redacted,redacted,redacted,t18139,Bücher,Bis(s),1,2021-04-15,2021-04-15,1218.0,,"Romance,  Freundschaft",P16,2.0,1.0,,redacted
166,a12396,redacted,redacted,redacted,t23888,Bücher,Bis(s),1,2021-04-18,2021-04-18,618.0,,"Familie,  Freundschaft",P12,1.0,0.0,,redacted
167,a739,redacted,redacted,redacted,t29831,Bücher,Bis(s),1,2021-04-18,2021-04-18,543.0,,"Drama,  Fantasy",P16,0.0,1.0,,redacted
168,a5515,redacted,redacted,redacted,t4628,Bücher,Bis(s),22,2021-04-24,2021-04-24,36921.0,,"Übernatürlich,  Liebesgeschichte",P12,0.0,0.0,,redacted
169,a11729,redacted,redacted,redacted,t11917,Bücher,Bis(s),5,2021-04-06,2021-04-27,13858.0,,"Humor,  Liebesgeschichte",P16,5.0,4.0,,redacted
170,a1466,redacted,redacted,redacted,t21304,Bücher,Bis(s),3,2021-04-19,2021-04-28,10057.0,,"Drama,  Liebesgeschichte",P18,3.0,5.0,,redacted
171,a10431,redacted,redacted,redacted,t20300,Bücher,Bis(s),1,2021-05-10,2021-05-10,1321.0,,"Abenteuer,  Liebesgeschichte",P16,0.0,0.0,,redacted
172,a4934,redacted,redacted,redacted,t6444,Bücher,Bis(s),3,2021-03-05,2021-03-13,4336.0,,"Freundschaft,  Übernatürlich",P18,2.0,0.0,,redacted
173,a12396,redacted,redacted,redacted,t24648,Bücher,Bis(s),3,2021-02-27,2021-03-20,3851.0,,Allgemein,P12,2.0,0.0,,redacted
174,a5896,redacted,redacted,redacted,t3710,Bücher,Bis(s),2,2021-03-23,2021-03-24,1282.0,,Fantasy,P12,1.0,2.0,,redacted
175,a13835,redacted,redacted,redacted,t30650,Bücher,Bis(s),3,2021-03-07,2021-03-24,3769.0,,"Familie,  Liebesgeschichte",P16,3.0,2.0,,redacted
176,a11041,redacted,redacted,redacted,t26342,Bücher,Bis(s),1,2021-03-25,2021-03-25,1675.0,,Allgemein,P16,1.0,2.0,,redacted
177,a5942,redacted,redacted,redacted,t18444,Bücher,Bis(s),4,2021-03-24,2021-03-25,1174.0,,Allgemein,P12,0.0,0.0,,redacted
178,a1798,redacted,redacted,redacted,t22433,Bücher,Bis(s),2,2021-03-25,2021-03-25,725.0,,Allgemein,P12,1.0,0.0,,redacted
179,a5942,redacted,redacted,redacted,t34401,Bücher,Bis(s),1,2021-03-25,2021-03-25,428.0,,"Mystery,  Schmerz/ Trost",P12,1.0,1.0,,redacted
180,a2889,redacted,redacted,redacted,t15073,Bücher,Bis(s),2,2021-03-05,2021-03-26,3483.0,,"Freundschaft,  Schmerz/ Trost",P16,1.0,1.0,,redacted
181,a9419,redacted,redacted,redacted,t35252,Bücher,Bis(s),1,2021-03-28,2021-03-28,1136.0,,Allgemein,P12,0.0,0.0,,redacted
182,a9550,redacted,redacted,redacted,t19617,Bücher,Bis(s),1,2021-04-10,2021-04-10,875.0,,"Freundschaft,  Schmerz/ Trost",P16,1.0,0.0,,redacted
183,a11534,redacted,redacted,redacted,t21920,Bücher,Bis(s),1,2021-02-12,2021-02-12,7282.0,,"Fantasy,  Liebesgeschichte",P12,1.0,1.0,,redacted
184,a11534,redacted,redacted,redacted,t16630,Bücher,Bis(s),1,2021-02-13,2021-02-13,8252.0,,"Humor,  Liebesgeschichte",P12,1.0,1.0,,redacted
185,a11534,redacted,redacted,redacted,t11362,Bücher,Bis(s),11,2021-02-13,2021-02-13,15788.0,,"Humor,  Liebesgeschichte",P12,0.0,0.0,,redacted
186,a3910,redacted,redacted,redacted,t34585,Bücher,Bis(s),2,2021-02-14,2021-02-14,378.0,,"Humor,  Parodie",P12,1.0,1.0,,redacted
187,a10195,redacted,redacted,redacted,t10854,Bücher,Bis(s),2,2021-02-16,2021-02-16,1456.0,,"Drama,  Romance",P12,0.0,1.0,,redacted
188,a9080,redacted,redacted,redacted,t26559,Bücher,Bis(s),1,2021-02-21,2021-02-21,978.0,,Liebesgeschichte,P12,1.0,1.0,,redacted
189,a12191,redacted,redacted,redacted,t25904,Bücher,Bis(s),1,2021-02-23,2021-02-23,490.0,,Übernatürlich,P12,0.0,1.0,,redacted
190,a2889,redacted,redacted,redacted,t26498,Bücher,Bis(s),1,2021-02-28,2021-02-28,1075.0,,"Fantasy,  Schmerz/ Trost",P16,1.0,0.0,,redacted
191,a16442,redacted,redacted,redacted,t28517,Bücher,Bis(s),1,2021-02-28,2021-02-28,531.0,,Romance,P18,3.0,1.0,,redacted
192,a6621,redacted,redacted,redacted,t9785,Bücher,Bis(s),7,2021-03-11,2021-03-12,3988.0,,Allgemein,P12,0.0,2.0,,redacted
193,a15509,redacted,redacted,redacted,t29294,Bücher,Bis(s),4,2020-10-28,2021-01-06,4327.0,,"Übernatürlich,  Liebesgeschichte",P12,7.0,2.0,,redacted
194,a5511,redacted,redacted,redacted,t25025,Bücher,Bis(s),1,2021-01-06,2021-01-06,2677.0,,Allgemein,P16,1.0,0.0,,redacted
195,a4547,redacted,redacted,redacted,t3608,Bücher,Bis(s),3,2021-01-07,2021-01-08,12292.0,,Liebesgeschichte,P16,4.0,4.0,,redacted
196,a11585,redacted,redacted,redacted,t20526,Bücher,Bis(s),3,2021-01-03,2021-01-13,5101.0,,Allgemein,P18,2.0,5.0,,redacted
197,a16384,redacted,redacted,redacted,t15210,Bücher,Bis(s),1,2020-11-25,2021-01-13,716.0,,"Poesie,  Liebesgeschichte",P12,1.0,0.0,,redacted
198,a10334,redacted,redacted,redacted,t29700,Bücher,Bis(s),4,2020-08-26,2021-01-29,13882.0,,Fantasy,P12,0.0,1.0,,redacted
199,a13345,redacted,redacted,redacted,t28112,Bücher,Bis(s),10,2020-10-18,2021-01-31,21869.0,,"Drama,  Liebesgeschichte",P18,8.0,14.0,,redacted
200,a14585,redacted,redacted,redacted,t31898,Bücher,Bis(s),1,2021-01-31,2021-01-31,11564.0,,"Drama,  Historisch",P12,0.0,0.0,,redacted
201,a2889,redacted,redacted,redacted,t26011,Bücher,Bis(s),1,2021-02-01,2021-02-01,7883.0,,"Familie,  Freundschaft",P18,1.0,1.0,,redacted
202,a8345,redacted,redacted,redacted,t31403,Bücher,Bis(s),1,2021-02-06,2021-02-06,1219.0,,Übernatürlich,P18,0.0,0.0,,redacted
203,a8908,redacted,redacted,redacted,t31196,Bücher,Bis(s),5,2021-01-17,2021-02-07,6078.0,,Allgemein,P18,1.0,3.0,,redacted
204,a4683,redacted,redacted,redacted,t7091,Bücher,Bis(s),5,2021-01-14,2021-02-07,5967.0,,"Familie,  Liebesgeschichte",P12,4.0,10.0,,redacted
205,a936,redacted,redacted,redacted,t26030,Bücher,Bis(s),1,2020-12-13,2020-12-13,832.0,,"Romance,  Freundschaft",P12 Slash,0.0,0.0,,redacted
206,a10848,redacted,redacted,redacted,t16487,Bücher,Bis(s),17,2020-04-01,2020-12-14,28563.0,,Liebesgeschichte,P12,17.0,95.0,,redacted
207,a9373,redacted,redacted,redacted,t11573,Bücher,Bis(s),14,2020-10-30,2020-12-19,51353.0,,Übernatürlich,P12 Slash,7.0,7.0,,redacted
208,a3028,redacted,redacted,redacted,t11138,Bücher,Bis(s),9,2020-10-08,2020-12-20,6065.0,,Allgemein,P12,1.0,4.0,,redacted
209,a14194,redacted,redacted,redacted,t23056,Bücher,Bis(s),16,2020-05-27,2020-12-23,37401.0,,Fantasy,P18,7.0,36.0,,redacted
210,a16373,redacted,redacted,redacted,t1424,Bücher,Bis(s),8,2020-11-30,2020-12-23,19006.0,,"Drama,  Schmerz/ Trost",P16,3.0,37.0,,redacted
211,a13040,redacted,redacted,redacted,t27254,Bücher,Bis(s),24,2020-07-16,2020-12-24,47411.0,,"Familie,  Fantasy",P12,17.0,122.0,,redacted
212,a1887,redacted,redacted,redacted,t16002,Bücher,Bis(s),5,2020-06-15,2020-12-26,5823.0,,"Fantasy,  Schmerz/ Trost",P16,1.0,6.0,,redacted
213,a4896,redacted,redacted,redacted,t28803,Bücher,Bis(s),14,2020-11-12,2020-11-14,5996.0,,Übernatürlich,P12,0.0,0.0,,redacted
214,a9396,redacted,redacted,redacted,t36741,Bücher,Bis(s),10,2020-10-15,2020-11-15,17602.0,,"Drama,  Liebesgeschichte",P16,3.0,3.0,,redacted
215,a1290,redacted,redacted,redacted,t8122,Bücher,Bis(s),2,2020-09-21,2020-11-21,1842.0,,"Drama,  Fantasy",P16,0.0,0.0,,redacted
216,a16382,redacted,redacted,redacted,t26959,Bücher,Bis(s),5,2020-09-24,2020-11-23,15711.0,,"Fantasy,  Freundschaft",P18,2.0,6.0,,redacted
217,a7983,redacted,redacted,redacted,t25432,Bücher,Bis(s),10,2020-05-16,2020-11-29,26520.0,,"Drama,  Liebesgeschichte",P16 Slash,12.0,5.0,,redacted
218,a14880,redacted,redacted,redacted,t20572,Bücher,Bis(s),1,2020-10-11,2020-10-11,9171.0,,"Romanze,  Familie",P18,10.0,4.0,,redacted
219,a16060,redacted,redacted,redacted,t14520,Bücher,Bis(s),3,2020-09-13,2020-10-11,4245.0,,Allgemein,P12,1.0,2.0,,redacted
220,a15606,redacted,redacted,redacted,t32988,Bücher,Bis(s),5,2020-05-22,2020-10-15,3974.0,,"Fantasy,  Übernatürlich",P12,0.0,1.0,,redacted
221,a4506,redacted,redacted,redacted,t34457,Bücher,Bis(s),4,2020-02-25,2020-10-15,1278.0,,"Drama,  Romanze",P12,0.0,3.0,,redacted
222,a4550,redacted,redacted,redacted,t27867,Bücher,Bis(s),3,2020-09-21,2020-10-16,2636.0,,Allgemein,P12,0.0,2.0,,redacted
223,a13437,redacted,redacted,redacted,t28116,Bücher,Bis(s),19,2020-02-13,2020-10-17,24695.0,,"Drama,  Romanze",P18,11.0,24.0,,redacted
224,a15817,redacted,redacted,redacted,t3256,Bücher,Bis(s),4,2020-01-10,2020-10-18,13949.0,,"Romanze,  Freundschaft",P16,11.0,4.0,,redacted
225,a12909,redacted,redacted,redacted,t407,Bücher,Bis(s),8,2020-05-25,2020-10-22,15225.0,,Drama,P18,5.0,10.0,,redacted
226,a11118,redacted,redacted,redacted,t5435,Bücher,Bis(s),6,2020-09-14,2020-10-25,8758.0,,"Abenteuer,  Schmerz/ Trost",P16,0.0,1.0,,redacted
227,a3830,redacted,redacted,redacted,t17613,Bücher,Bis(s),28,2020-04-28,2020-10-25,84853.0,,"Romanze,  Freundschaft",P12,13.0,34.0,,redacted
228,a13877,redacted,redacted,redacted,t39457,Bücher,Bis(s),1,2020-09-11,2020-09-11,7883.0,,"Romanze,  Freundschaft",P18,1.0,1.0,,redacted
229,a1103,redacted,redacted,redacted,t269,Bücher,Bis(s),3,2020-09-10,2020-09-13,3713.0,,"Abenteuer,  Romanze",P16,4.0,2.0,,redacted
230,a15509,redacted,redacted,redacted,t26835,Bücher,Bis(s),3,2020-06-21,2020-09-13,6212.0,,"Romanze,  Übernatürlich",P12,3.0,5.0,,redacted
231,a4371,redacted,redacted,redacted,t14614,Bücher,Bis(s),17,2020-06-28,2020-09-21,25298.0,,"Romanze,  Freundschaft",P12,5.0,44.0,,redacted
232,a8608,redacted,redacted,redacted,t223,Bücher,Bis(s),13,2020-03-01,2020-08-11,40721.0,,"Romanze,  Schmerz/ Trost",P16,9.0,20.0,,redacted
233,a4445,redacted,redacted,redacted,t20745,Bücher,Bis(s),1,2020-08-12,2020-08-12,3557.0,,"Drama,  Romanze",P16,1.0,2.0,,redacted
234,a15012,redacted,redacted,redacted,t23468,Bücher,Bis(s),24,2020-02-24,2020-08-14,22528.0,,"Drama,  Romanze",P18,5.0,11.0,,redacted
235,a13888,redacted,redacted,redacted,t29989,Bücher,Bis(s),6,2020-05-22,2020-08-15,20558.0,,"Drama,  Schmerz/ Trost",P18,2.0,7.0,,redacted
236,a7418,redacted,redacted,redacted,t15527,Bücher,Bis(s),9,2020-06-16,2020-08-16,6520.0,,Allgemein,P16,4.0,2.0,,redacted
237,a13521,redacted,redacted,redacted,t3310,Bücher,Bis(s),4,2020-06-21,2020-08-17,4318.0,,Parodie,P12,3.0,8.0,,redacted
238,a4369,redacted,redacted,redacted,t31457,Bücher,Bis(s),6,2020-06-08,2020-08-27,9583.0,,"Romanze,  Freundschaft",P16,2.0,8.0,,redacted
239,a8894,redacted,redacted,redacted,t11457,Bücher,Bis(s),23,2020-02-13,2020-08-28,31048.0,,"Romanze,  Freundschaft",P16 Slash,8.0,34.0,,redacted
240,a10467,redacted,redacted,redacted,t20491,Bücher,Bis(s),5,2020-07-12,2020-08-30,16191.0,,Allgemein,P16,0.0,4.0,,redacted
241,a3309,redacted,redacted,redacted,t5503,Bücher,Bis(s),2,2020-05-03,2020-07-07,2184.0,,"Romanze,  Übernatürlich",P18,1.0,2.0,,redacted
242,a14585,redacted,redacted,redacted,t12107,Bücher,Bis(s),1,2020-07-09,2020-07-09,4903.0,,Drama,P12,3.0,1.0,,redacted
243,a9572,redacted,redacted,redacted,t17261,Bücher,Bis(s),6,2020-05-13,2020-07-10,6200.0,,"Drama,  Romanze",P12,4.0,5.0,,redacted
244,a5539,redacted,redacted,redacted,t1762,Bücher,Bis(s),2,2020-07-10,2020-07-11,4805.0,,Romanze,P18,0.0,0.0,,redacted
245,a13888,redacted,redacted,redacted,t32759,Bücher,Bis(s),23,2020-04-04,2020-07-12,99749.0,,"Drama,  Familie",P16,10.0,24.0,,redacted
246,a9592,redacted,redacted,redacted,t32581,Bücher,Bis(s),4,2020-05-02,2020-07-14,10999.0,,"Romanze,  Familie",P16,4.0,3.0,,redacted
247,a4692,redacted,redacted,redacted,t24909,Bücher,Bis(s),5,2020-04-07,2020-07-19,9446.0,,"Familie,  Übernatürlich",P16,1.0,2.0,,redacted
248,a15559,redacted,redacted,redacted,t12679,Bücher,Bis(s),10,2020-05-26,2020-07-20,17686.0,,"Drama,  Romanze",P18-AVL,1.0,5.0,,redacted
249,a804,redacted,redacted,redacted,t3602,Bücher,Bis(s),7,2020-07-05,2020-07-23,10690.0,,"Drama,  Übernatürlich",P16 Slash,2.0,2.0,,redacted
250,a15009,redacted,redacted,redacted,t6188,Bücher,Bis(s),8,2020-07-08,2020-07-24,28935.0,,"Romanze,  Schmerz/ Trost",P18,5.0,3.0,,redacted
251,a3866,redacted,redacted,redacted,t26416,Bücher,Bis(s),41,2020-04-06,2020-07-25,63119.0,,"Drama,  Fantasy",P16,9.0,59.0,,redacted
252,a4962,redacted,redacted,redacted,t33445,Bücher,Bis(s),4,2020-06-20,2020-07-26,5207.0,,"Drama,  Romanze",P12,1.0,6.0,,redacted
253,a13288,redacted,redacted,redacted,t36756,Bücher,Bis(s),4,2020-01-25,2020-07-27,24474.0,,"Romanze,  Freundschaft",P16,3.0,11.0,,redacted
254,a4371,redacted,redacted,redacted,t34823,Bücher,Bis(s),14,2020-05-31,2020-07-28,17340.0,,"Romanze,  Fantasy",P16,6.0,21.0,,redacted
255,a12484,redacted,redacted,redacted,t23228,Bücher,Bis(s),3,2020-05-15,2020-07-30,1423.0,,"Parodie,  Fantasy",P6,1.0,2.0,,redacted
256,a15509,redacted,redacted,redacted,t23807,Bücher,Bis(s),20,2020-04-15,2020-07-31,33471.0,,"Romanze,  Übernatürlich",P12,6.0,20.0,,redacted
257,a1465,redacted,redacted,redacted,t20208,Bücher,Bis(s),19,2020-07-01,2020-08-11,40134.0,,"Drama,  Romanze",P16,8.0,24.0,,redacted
258,a10411,redacted,redacted,redacted,t27426,Bücher,Bis(s),2,2020-12-14,2020-12-15,933.0,,"Drama,  Liebesgeschichte",P18,2.0,3.0,,redacted
259,a12480,redacted,redacted,redacted,t21605,Bücher,Bis(s),11,2020-12-16,2020-12-21,13891.0,,"Romance,  Tragödie",P18 Slash,1.0,11.0,,redacted
260,a9855,redacted,redacted,redacted,t32857,Bücher,Bis(s),2,2020-12-22,2020-12-27,9695.0,,"Schmerz/ Trost,  Liebesgeschichte",P18,4.0,1.0,,redacted
261,a3830,redacted,redacted,redacted,t29308,Bücher,Bis(s),1,2020-12-28,2020-12-28,4243.0,,Liebesgeschichte,P12 Slash,0.0,1.0,,redacted
262,a8961,redacted,redacted,redacted,t9199,Bücher,Bis(s),2,2020-12-30,2020-12-31,1771.0,,"Abenteuer,  Mystery",P12,0.0,0.0,,redacted
263,a12252,redacted,redacted,redacted,t27864,Bücher,Bis(s),1,2020-11-15,2020-11-15,814.0,,"Familie,  Schmerz/ Trost",P16 Slash,1.0,1.0,,redacted
264,a13345,redacted,redacted,redacted,t25642,Bücher,Bis(s),2,2020-11-08,2020-11-15,3152.0,,"Drama,  Liebesgeschichte",P18,0.0,1.0,,redacted
265,a13835,redacted,redacted,redacted,t36521,Bücher,Bis(s),3,2020-11-15,2020-11-15,1296.0,,Allgemein,P12,0.0,0.0,,redacted
266,a12252,redacted,redacted,redacted,t26181,Bücher,Bis(s),6,2020-11-20,2020-11-20,2987.0,,"Drama,  Romance",P16 Slash,3.0,1.0,,redacted
267,a13567,redacted,redacted,redacted,t3659,Bücher,Bis(s),1,2020-11-24,2020-11-24,1347.0,,Liste Humor,P6,0.0,1.0,,redacted
268,a14585,redacted,redacted,redacted,t25414,Bücher,Bis(s),1,2020-11-28,2020-11-28,4140.0,,Familie,P12,2.0,0.0,,redacted
269,a6471,redacted,redacted,redacted,t30797,Bücher,Bis(s),1,2020-11-30,2020-11-30,3067.0,,"Humor,  Freundschaft",P12,0.0,1.0,,redacted
270,a14585,redacted,redacted,redacted,t33258,Bücher,Bis(s),1,2020-12-13,2020-12-13,4444.0,,"Drama,  Tragödie",P12,0.0,0.0,,redacted
271,a8423,redacted,redacted,redacted,t3331,Bücher,Bis(s),1,2020-10-19,2020-10-19,652.0,,Allgemein,P12,1.0,1.0,,redacted
272,a436,redacted,redacted,redacted,t32659,Bücher,Bis(s),2,2020-10-17,2020-10-19,3909.0,,"Mystery,  Übernatürlich",P16,2.0,0.0,,redacted
273,a14585,redacted,redacted,redacted,t21841,Bücher,Bis(s),1,2020-10-20,2020-10-20,6043.0,,"Angst,  Schmerz/ Trost",P12,2.0,2.0,,redacted
274,a2358,redacted,redacted,redacted,t36845,Bücher,Bis(s),1,2020-10-20,2020-10-20,958.0,,Allgemein,P12,1.0,1.0,,redacted
275,a3812,redacted,redacted,redacted,t8948,Bücher,Bis(s),2,2020-10-25,2020-10-25,1780.0,,Allgemein,P12,1.0,0.0,,redacted
276,a15509,redacted,redacted,redacted,t12211,Bücher,Bis(s),2,2020-10-17,2020-10-27,3105.0,,Romanze,P12,1.0,1.0,,redacted
277,a11897,redacted,redacted,redacted,t14972,Bücher,Bis(s),5,2020-10-29,2020-10-29,4946.0,,"Familie,  Schmerz/ Trost",P16,2.0,3.0,,redacted
278,a5166,redacted,redacted,redacted,t11732,Bücher,Bis(s),5,2020-11-10,2020-11-10,1958.0,,Allgemein,P12 Slash,0.0,1.0,,redacted
279,a5539,redacted,redacted,redacted,t37182,Bücher,Bis(s),1,2020-09-15,2020-09-15,314.0,,Romanze,P18,0.0,0.0,,redacted
280,a3342,redacted,redacted,redacted,t5662,Bücher,Bis(s),2,2020-09-21,2020-09-21,323.0,,Allgemein,P12,1.0,2.0,,redacted
281,a490,redacted,redacted,redacted,t24113,Bücher,Bis(s),1,2020-09-23,2020-09-23,3223.0,,"Familie,  Fantasy",P12,1.0,0.0,,redacted
282,a490,redacted,redacted,redacted,t5257,Bücher,Bis(s),1,2020-09-25,2020-09-25,1905.0,,"Romanze,  Freundschaft",P16,0.0,0.0,,redacted
283,a15623,redacted,redacted,redacted,t6194,Bücher,Bis(s),5,2020-09-27,2020-09-27,7764.0,,Drama,P16 Slash,7.0,8.0,,redacted
284,a798,redacted,redacted,redacted,t27433,Bücher,Bis(s),2,2020-10-12,2020-10-12,3769.0,,"Romanze,  Fantasy",P16,0.0,0.0,,redacted
285,a466,redacted,redacted,redacted,t2590,Bücher,Bis(s),1,2020-08-12,2020-08-12,1156.0,,"Romanze,  Familie",P18 Slash,0.0,0.0,,redacted
286,a6924,redacted,redacted,redacted,t25422,Bücher,Bis(s),1,2020-08-12,2020-08-12,1371.0,,"Romanze,  Übernatürlich",P12,0.0,0.0,,redacted
287,a9053,redacted,redacted,redacted,t30113,Bücher,Bis(s),3,2020-08-13,2020-08-13,27006.0,,Allgemein,P18-AVL,1.0,2.0,,redacted
288,a9624,redacted,redacted,redacted,t7906,Bücher,Bis(s),1,2020-08-14,2020-08-14,341.0,,Allgemein,P12,1.0,0.0,,redacted
289,a8303,redacted,redacted,redacted,t2054,Bücher,Bis(s),1,2020-08-16,2020-08-16,806.0,,Allgemein,P12,0.0,0.0,,redacted
290,a1378,redacted,redacted,redacted,t2703,Bücher,Bis(s),1,2020-08-30,2020-08-30,508.0,,"Romanze,  Fantasy",P18,1.0,0.0,,redacted
291,a2885,redacted,redacted,redacted,t15255,Bücher,Bis(s),3,2020-08-27,2020-08-30,3141.0,,"Drama,  Schmerz/ Trost",P16,1.0,0.0,,redacted
292,a5367,redacted,redacted,redacted,t38872,Bücher,Bis(s),1,2020-09-10,2020-09-10,338.0,,Allgemein,P12,0.0,0.0,,redacted
293,a5507,redacted,redacted,redacted,t2871,Bücher,Bis(s),1,2020-07-13,2020-07-13,413.0,,Allgemein,P12,0.0,0.0,,redacted
294,a5539,redacted,redacted,redacted,t29051,Bücher,Bis(s),1,2020-07-15,2020-07-15,2333.0,,"Romanze,  Familie",P18,3.0,1.0,,redacted
295,a6092,redacted,redacted,redacted,t13194,Bücher,Bis(s),1,2020-07-17,2020-07-17,552.0,,Allgemein,P12,0.0,0.0,,redacted
296,a11601,redacted,redacted,redacted,t17473,Bücher,Bis(s),1,2020-07-19,2020-07-19,1277.0,,"Familie,  Schmerz/ Trost",P16,1.0,0.0,,redacted
297,a4371,redacted,redacted,redacted,t11366,Bücher,Bis(s),1,2020-07-25,2020-07-25,1208.0,,Schmerz/ Trost,P16,1.0,0.0,,redacted
298,a2889,redacted,redacted,redacted,t25725,Bücher,Bis(s),2,2020-07-23,2020-07-26,2407.0,,"Fantasy,  Schmerz/ Trost",P18,1.0,0.0,,redacted
299,a4687,redacted,redacted,redacted,t6307,Bücher,Bis(s),1,2020-07-27,2020-07-27,2283.0,,"Drama,  Schmerz/ Trost",P16,1.0,3.0,,redacted
300,a15119,redacted,redacted,redacted,t16503,Bücher,Bis(s),2,2020-07-21,2020-07-30,3686.0,,Allgemein,P16,4.0,1.0,,redacted
301,a15009,redacted,redacted,redacted,t8955,Bücher,Bis(s),5,2020-07-13,2020-07-31,25035.0,,"Romanze,  Schmerz/ Trost",P18,5.0,5.0,,redacted
302,a6427,redacted,redacted,redacted,t7215,Bücher,Bis(s),3,2020-08-07,2020-08-08,5772.0,,Allgemein,P16,0.0,0.0,,redacted
303,a1498,redacted,redacted,redacted,t16794,Bücher,Bis(s),1,2020-01-02,2020-01-02,3932.0,,"Romanze,  Familie",P16,6.0,1.0,,redacted
304,a16333,redacted,redacted,redacted,t27639,Bücher,Bis(s),1,2020-01-04,2020-01-04,973.0,,"Romanze,  Schmerz/ Trost",P16,1.0,0.0,,redacted
305,a7869,redacted,redacted,redacted,t4376,Bücher,Bis(s),4,2020-01-03,2020-01-07,4891.0,,Allgemein,P16,2.0,1.0,,redacted
306,a4939,redacted,redacted,redacted,t38647,Bücher,Bis(s),1,2020-01-09,2020-01-09,367.0,,"Humor,  Suspense",P12,2.0,2.0,,redacted
307,a6046,redacted,redacted,redacted,t38978,Bücher,Bis(s),1,2020-01-11,2020-01-11,2150.0,,"Romanze,  Übernatürlich",P12,2.0,1.0,,redacted
308,a5539,redacted,redacted,redacted,t30607,Bücher,Bis(s),2,2020-01-12,2020-01-12,1784.0,,"Romanze,  Familie",P18,0.0,1.0,,redacted
309,a4260,redacted,redacted,redacted,t35469,Bücher,Bis(s),3,2020-01-15,2020-01-18,4826.0,,"Mystery,  Romanze",P16,2.0,2.0,,redacted
310,a10432,redacted,redacted,redacted,t22069,Bücher,Bis(s),1,2020-01-20,2020-01-20,776.0,,Allgemein,P12 Slash,2.0,1.0,,redacted
311,a10459,redacted,redacted,redacted,t1149,Bücher,Bis(s),8,2020-01-07,2020-01-22,19650.0,,Allgemein,P16,2.0,10.0,,redacted
312,a412,redacted,redacted,redacted,t17012,Bücher,Bis(s),3,2020-01-18,2020-01-28,5277.0,,"Romanze,  Freundschaft",P12,6.0,6.0,,redacted
313,a420,redacted,redacted,redacted,t35389,Bücher,Bis(s),11,2020-01-28,2020-02-02,3581.0,,"Mystery,  Fantasy",P18 Slash,0.0,0.0,,redacted
314,a11488,redacted,redacted,redacted,t2983,Bücher,Bis(s),1,2020-02-03,2020-02-03,3883.0,,Fantasy,P12,0.0,1.0,,redacted
315,a11488,redacted,redacted,redacted,t5055,Bücher,Bis(s),1,2020-02-03,2020-02-03,1515.0,,Allgemein,P12,0.0,2.0,,redacted
316,a13437,redacted,redacted,redacted,t5183,Bücher,Bis(s),1,2020-02-04,2020-02-04,1021.0,,"Romanze,  Freundschaft",P12,3.0,2.0,,redacted
317,a13847,redacted,redacted,redacted,t14089,Bücher,Bis(s),9,2020-02-08,2020-02-08,4905.0,,"Fantasy,  Übernatürlich",P12,0.0,1.0,,redacted
318,a6534,redacted,redacted,redacted,t33859,Bücher,Bis(s),1,2020-02-09,2020-02-09,302.0,,"Humor,  Freundschaft",P12,0.0,0.0,,redacted
319,a1220,redacted,redacted,redacted,t29760,Bücher,Bis(s),2,2020-02-17,2020-02-18,2176.0,,"Drama,  Romanze",P12,0.0,3.0,,redacted
320,a11297,redacted,redacted,redacted,t1323,Bücher,Bis(s),6,2020-01-28,2020-02-29,8077.0,,Allgemein,P12,5.0,2.0,,redacted
321,a9641,redacted,redacted,redacted,t24324,Bücher,Bis(s),2,2020-03-01,2020-03-01,1545.0,,"Romanze,  Übernatürlich",P18,0.0,0.0,,redacted
322,a2548,redacted,redacted,redacted,t27147,Bücher,Bis(s),3,2020-02-19,2020-03-07,2698.0,,Romanze,P16,0.0,1.0,,redacted
323,a1806,redacted,redacted,redacted,t12935,Bücher,Bis(s),1,2020-03-08,2020-03-08,1001.0,,"Drama,  Schmerz/ Trost",P16,2.0,1.0,,redacted
324,a847,redacted,redacted,redacted,t91,Bücher,Bis(s),3,2020-03-14,2020-03-16,2585.0,,Allgemein,P16,0.0,1.0,,redacted
325,a12305,redacted,redacted,redacted,t31325,Bücher,Bis(s),7,2020-02-04,2020-03-17,15894.0,,"Romanze,  Fantasy",P18,14.0,23.0,,redacted
326,a3072,redacted,redacted,redacted,t39005,Bücher,Bis(s),1,2020-03-17,2020-03-17,982.0,,Romanze,P12,1.0,3.0,,redacted
327,a8123,redacted,redacted,redacted,t4962,Bücher,Bis(s),1,2020-03-18,2020-03-18,3959.0,,"Drama,  Romanze",P16,0.0,0.0,,redacted
328,a9742,redacted,redacted,redacted,t311,Bücher,Bis(s),2,2020-03-18,2020-03-20,4663.0,,"Romanze,  Schmerz/ Trost",P16,6.0,2.0,,redacted
329,a647,redacted,redacted,redacted,t23682,Bücher,Bis(s),7,2020-02-14,2020-03-24,12395.0,,Fantasy,P18,7.0,6.0,,redacted
330,a12179,redacted,redacted,redacted,t33764,Bücher,Bis(s),27,2020-01-30,2020-03-25,12842.0,,Übernatürlich,P12,3.0,6.0,,redacted
331,a12826,redacted,redacted,redacted,t21913,Bücher,Bis(s),1,2020-04-04,2020-04-04,404.0,,Romanze,P12,0.0,0.0,,redacted
332,a7282,redacted,redacted,redacted,t38395,Bücher,Bis(s),6,2020-03-31,2020-04-06,6118.0,,Allgemein,P12,1.0,2.0,,redacted
333,a9396,redacted,redacted,redacted,t26541,Bücher,Bis(s),7,2020-03-19,2020-04-07,13928.0,,Allgemein,P16,1.0,3.0,,redacted
334,a3613,redacted,redacted,redacted,t31145,Bücher,Bis(s),4,2020-02-26,2020-04-09,2330.0,,"Romanze,  Schmerz/ Trost",P18,1.0,1.0,,redacted
335,a3686,redacted,redacted,redacted,t17818,Bücher,Bis(s),3,2020-02-19,2020-04-09,6683.0,,"Familie,  Freundschaft",P18,1.0,2.0,,redacted
336,a13437,redacted,redacted,redacted,t3426,Bücher,Bis(s),1,2020-04-13,2020-04-13,1472.0,,"Romanze,  Freundschaft",P16,0.0,1.0,,redacted
337,a4959,redacted,redacted,redacted,t3486,Bücher,Bis(s),1,2020-04-14,2020-04-14,1104.0,,Allgemein,P16,0.0,1.0,,redacted
338,a8965,redacted,redacted,redacted,t5182,Bücher,Bis(s),3,2020-04-06,2020-04-17,6012.0,,"Romanze,  Schmerz/ Trost",P16,5.0,3.0,,redacted
339,a3994,redacted,redacted,redacted,t38780,Bücher,Bis(s),5,2020-04-18,2020-04-18,3449.0,,"Fantasy,  Übernatürlich",P12 Slash,0.0,0.0,,redacted
340,a13734,redacted,redacted,redacted,t4998,Bücher,Bis(s),2,2020-01-06,2020-04-18,2713.0,,"Romanze,  Fantasy",P16,5.0,10.0,,redacted
341,a2339,redacted,redacted,redacted,t20262,Bücher,Bis(s),7,2020-02-20,2020-04-20,15166.0,,Romanze,P12,4.0,10.0,,redacted
342,a4371,redacted,redacted,redacted,t16504,Bis(s),1,2020-04-23,2020-04-23,1412,,"Humor,  Parodie",P6,1,1.0,,5ea1a869000be0483b708cb9_Das-war-nur-ein-Tag-des-Wahnsinns.txt,redacted
343,a6387,redacted,redacted,redacted,t38798,Bücher,Bis(s),1,2020-04-24,2020-04-24,413.0,,Allgemein,P12,0.0,1.0,,redacted
344,a10485,redacted,redacted,redacted,t19539,Bücher,Bis(s),5,2020-01-16,2020-04-24,1849.0,,Allgemein,P16,1.0,2.0,,redacted
345,a15509,redacted,redacted,redacted,t33688,Bücher,Bis(s),7,2020-04-24,2020-04-26,12138.0,,"Romanze,  Familie",P12,1.0,5.0,,redacted
346,a7411,redacted,redacted,redacted,t35564,Bücher,Bis(s),2,2020-05-03,2020-05-03,1838.0,,"Romanze,  Übernatürlich",P16,2.0,1.0,,redacted
347,a2239,redacted,redacted,redacted,t12154,Bücher,Bis(s),18,2020-01-19,2020-05-03,31933.0,,"Romanze,  Freundschaft",P18,16.0,23.0,,redacted
348,a629,redacted,redacted,redacted,t26464,Bücher,Bis(s),6,2020-04-07,2020-05-07,7242.0,,"Romanze,  Fantasy",P12,0.0,5.0,,redacted
349,a11404,redacted,redacted,redacted,t17046,Bücher,Bis(s),1,2020-05-11,2020-05-11,529.0,,Romanze,P12,0.0,0.0,,redacted
350,a15544,redacted,redacted,redacted,t14869,Bücher,Bis(s),4,2020-05-04,2020-05-11,8903.0,,Allgemein,P16,0.0,0.0,,redacted
351,a4525,redacted,redacted,redacted,t11021,Bücher,Bis(s),6,2020-04-28,2020-05-15,4131.0,,"Drama,  Romanze",P16,0.0,0.0,,redacted
352,a16373,redacted,redacted,redacted,t12341,Bücher,Bis(s),8,2020-03-03,2020-05-19,18872.0,,"Drama,  Angst",P18,4.0,21.0,,redacted
353,a10882,redacted,redacted,redacted,t36101,Bücher,Bis(s),1,2020-05-19,2020-05-19,1199.0,,Schmerz/ Trost,P12 Slash,4.0,3.0,,redacted
354,a4371,redacted,redacted,redacted,t16505,Bis(s),27,2020-04-15,2020-05-19,38761,,Romanze,P12,4,29.0,,5e9704c5000be04835042797_Du-gehst-mir-ganzsch%c3%b6n-auf-den-Keks.txt,redacted
355,a6154,redacted,redacted,redacted,t1718,Bücher,Bis(s),40,2020-05-14,2020-05-20,37924.0,,"Romanze,  Fantasy",P12,1.0,0.0,,redacted
356,a12337,redacted,redacted,redacted,t26207,Bücher,Bis(s),2,2020-05-19,2020-05-25,324.0,,"Drama,  Familie",P16,0.0,0.0,,redacted
357,a9292,redacted,redacted,redacted,t28573,Bücher,Bis(s),1,2020-05-25,2020-05-25,1506.0,,"Drama,  Romanze",P18,3.0,1.0,,redacted
358,a14596,redacted,redacted,redacted,t18952,Bücher,Bis(s),1,2020-05-26,2020-05-26,2164.0,,"Drama,  Übernatürlich",P16,0.0,1.0,,redacted
359,a4525,redacted,redacted,redacted,t31151,Bücher,Bis(s),17,2020-05-12,2020-05-26,16250.0,,"Drama,  Romanze",P16,0.0,0.0,,redacted
360,a4257,redacted,redacted,redacted,t23817,Bücher,Bis(s),4,2020-05-13,2020-05-28,5248.0,,"Romanze,  Freundschaft",P12,1.0,2.0,,redacted
361,a12852,redacted,redacted,redacted,t6821,Bücher,Bis(s),5,2020-02-20,2020-05-31,3856.0,,"Romanze,  Schmerz/ Trost",P18,1.0,12.0,,redacted
362,a15509,redacted,redacted,redacted,t35114,Bücher,Bis(s),4,2020-05-18,2020-06-02,4054.0,,"Romanze,  Übernatürlich",P12,2.0,1.0,,redacted
363,a3636,redacted,redacted,redacted,t7292,Bücher,Bis(s),1,2020-06-05,2020-06-05,815.0,,Allgemein,P18 Slash,0.0,1.0,,redacted
364,a14585,redacted,redacted,redacted,t15092,Bücher,Bis(s),1,2020-06-07,2020-06-07,2881.0,,"Familie,  Schmerz/ Trost",P12,0.0,0.0,,redacted
365,a15509,redacted,redacted,redacted,t9736,Bücher,Bis(s),2,2020-05-03,2020-06-09,3111.0,,"Romanze,  Familie",P12,0.0,2.0,,redacted
366,a13988,redacted,redacted,redacted,t26579,Bücher,Bis(s),10,2020-04-14,2020-06-10,24157.0,,Romanze,P16,1.0,14.0,,redacted
367,a8245,redacted,redacted,redacted,t26690,Bücher,Bis(s),6,2020-05-20,2020-06-11,14287.0,,"Romanze,  Fantasy",P18,9.0,12.0,,redacted
368,a7135,redacted,redacted,redacted,t6671,Bücher,Bis(s),7,2020-04-01,2020-06-12,7179.0,,"Romanze,  Fantasy",P16 Slash,2.0,3.0,,redacted
369,a11601,redacted,redacted,redacted,t7820,Bücher,Bis(s),3,2020-06-02,2020-06-13,4060.0,,"Humor,  Parodie",P12,1.0,3.0,,redacted
370,a10575,redacted,redacted,redacted,t5719,Bücher,Bis(s),21,2020-04-12,2020-06-14,85063.0,,Fantasy,P12,1.0,8.0,,redacted
371,a2593,redacted,redacted,redacted,t38232,Bücher,Bis(s),3,2020-05-17,2020-06-14,4976.0,,"Drama,  Romanze",P18,3.0,2.0,,redacted
372,a15668,redacted,redacted,redacted,t3367,Bücher,Bis(s),3,2020-06-12,2020-06-16,2166.0,,"Drama,  Angst",P16,1.0,3.0,,redacted
373,a119,redacted,redacted,redacted,t22060,Bücher,Bis(s),2,2020-06-17,2020-06-17,1573.0,,"Drama,  Romanze",P12,0.0,0.0,,redacted
374,a14166,redacted,redacted,redacted,t26366,Bücher,Bis(s),59,2020-01-01,2020-06-18,56669.0,,"Romanze,  Fantasy",P12,10.0,16.0,,redacted
375,a5468,redacted,redacted,redacted,t7350,Bücher,Bis(s),17,2020-01-29,2020-06-21,26914.0,,"Familie,  Fantasy",P16,3.0,4.0,,redacted
376,a14154,redacted,redacted,redacted,t11797,Bücher,Bis(s),5,2020-06-22,2020-06-23,2462.0,,"Drama,  Romanze",P16,2.0,2.0,,redacted
377,a9773,redacted,redacted,redacted,t32718,Bücher,Bis(s),3,2020-06-14,2020-06-26,3561.0,,Allgemein,P12,0.0,1.0,,redacted
378,a15509,redacted,redacted,redacted,t11088,Bücher,Bis(s),5,2020-06-21,2020-06-27,6788.0,,"Romanze,  Übernatürlich",P12,1.0,2.0,,redacted
379,a15559,redacted,redacted,redacted,t16506,Bücher,Bis(s),2,2020-06-27,2020-06-28,4587.0,,"Drama,  Romanze",P18-AVL,2.0,3.0,,redacted
380,a15691,redacted,redacted,redacted,t5768,Bücher,Bis(s),2,2020-06-01,2020-06-28,777.0,,Allgemein,P16,2.0,4.0,,redacted
381,a15509,redacted,redacted,redacted,t2351,Bücher,Bis(s),5,2020-06-08,2020-06-28,4359.0,,Allgemein,P12,5.0,3.0,,redacted
382,a3819,redacted,redacted,redacted,t16507,Bücher,Bis(s),1,2020-06-29,2020-06-29,1280.0,,"Humor,  Romanze",P12,0.0,0.0,,redacted
383,a5507,redacted,redacted,redacted,t35736,Bücher,Bis(s),2,2020-06-26,2020-06-29,1118.0,,Allgemein,P12,0.0,2.0,,redacted
384,a15668,redacted,redacted,redacted,t11008,Bücher,Bis(s),32,2020-01-16,2020-07-01,62553.0,,"Drama,  Romanze",P16,6.0,70.0,,redacted
385,a1887,redacted,redacted,redacted,t35062,Bücher,Bis(s),1,2020-07-03,2020-07-03,2288.0,,"Schmerz/ Trost,  Übernatürlich",P12 Slash,1.0,2.0,,redacted
386,a7419,redacted,redacted,redacted,t34659,Bücher,Bis(s),4,2020-07-04,2020-07-04,4368.0,,"Parodie,  Romanze",P16,0.0,0.0,,redacted
387,a16318,redacted,redacted,redacted,t15491,Bücher,Bis(s),18,2020-05-19,2020-07-05,9235.0,,Allgemein,P12,1.0,18.0,,redacted
388,a8022,redacted,redacted,redacted,t17327,Bücher,Bis(s),1,2020-07-05,2020-07-05,540.0,,"Drama,  Romanze",P18-AVL,0.0,1.0,,redacted
389,a6610,redacted,redacted,redacted,t13732,Bücher,Bis(s),2,2020-06-24,2020-07-07,1965.0,,Romanze,P18,0.0,2.0,,redacted
